{"mean": [-1.5745284187573816e-08, 4.694718569453471e-08, -1.3803364673492524e-08, -1.233380508836035e-08, -7.145734315372465e-08, 2.0101477815615e-08, 4.500964223552728e-08, 4.0106733933953365e-08, -1.0969213981582016e-08, 3.43247172907013e-08, 5.6123187874845826e-08, 7.179848893201779e-08, 2.46676101767207e-08, -1.952415118466888e-08, -1.1966415414121911e-08, -2.7151866532904023e-08], "stddev": [0.9999997615814209, 0.9999998211860657, 0.9999999403953552, 1.0000003576278687, 1.0, 1.0000008344650269, 0.9999992847442627, 1.0000001192092896, 1.0, 0.9999992847442627, 1.000001311302185, 0.999999463558197, 0.999999463558197, 1.0000009536743164, 1.0, 1.0000009536743164]}